[
      {
         "model":"model.Sensor",
         "pk":"1",
         "fields":{
            "id":"1",
            "name":"temperature",
            "unity":"centigrades",
            "minimum_range":"0",
            "maximum_range":"100"
         }
      }
      ,{
         "model":"model.Sensor",
         "pk":"2",
         "fields":{
            "id":"2",
            "name":"humidity",
            "unity":"percent",
            "minimum_range":"0",
            "maximum_range":"100"
         }
      }
      ,{
         "model":"model.Sensor",
         "pk":"3",
         "fields":{
            "id":"3",
            "name":"sound",
            "unity":"db",
            "minimum_range":"0",
            "maximum_range":"100"
         }
      }
      ,{
         "model":"model.Sensor",
         "pk":"4",
         "fields":{
            "id":"4",
            "name":"flowmeter",
            "unity":"m3/h",
            "minimum_range":"0",
            "maximum_range":"100"
         }
      }
      ,{
         "model":"model.Sensor",
         "pk":"5",
         "fields":{
            "id":"5",
            "name":"light",
            "unity":"lux",
            "minimum_range":"0",
            "maximum_range":"100"
         }
      }
      ,{
         "model":"model.Sensor",
         "pk":"6",
         "fields":{
            "id":"6",
            "name":"nitrogen_dioxide",
            "unity":"pbm",
            "minimum_range":"0",
            "maximum_range":"100"
         }
      }
      ,{
         "model":"model.Sensor",
         "pk":"7",
         "fields":{
            "id":"7",
            "name":"carbon_monoxide",
            "unity":"ppm",
            "minimum_range":"0",
            "maximum_range":"100"
         }
      }
      ,{
         "model":"model.Sensor",
         "pk":"8",
         "fields":{
            "id":"8",
            "name":"ultraviolet",
            "unity":"lux",
            "minimum_range":"0",
            "maximum_range":"100"
         }
      }
      ,{
         "model":"model.Login",
         "pk":"1",
         "fields":{
            "id":"1",
            "name":"juan",
            "lastname":"juan",
            "nickname":"juan",
            "password":"juan",
            "email":"juan@gmail.com",
            "token":"juan"
         }
      }
      ,{
         "model":"model.Device",
         "pk":"1",
         "fields":{
            "id":"1",
            "token":"166d77ac1b46a1ec38aa35ab7e628ab5",
            "latitude":"-16.3861304",
            "longitude":"-71.5528597",
            "name":"166d77ac1b46a1ec38aa35ab7e628ab5",
            "dnsname":"device1.devices.com",
            "port":"8080",
            "city":"arequipa",
            "country":"peru",
            "state":"10100101",
            "type_network":"wireless",
            "sim_number":"0000000000000"
         }
      }
      ,{
         "model":"model.OwnerDevice",
         "pk":"1",
         "fields":{
            "id":"1",
            "device":"1",
            "owner":"1",
            "deleted":"0"
         }
      }
      ,{
         "model":"model.Access",
         "pk":"1",
         "fields":{
            "id":"1",
            "device":"1",
            "sensor":"1",
            "public":"True"
         }
      }
      ,{
         "model":"model.Access",
         "pk":"2",
         "fields":{
            "id":"2",
            "device":"1",
            "sensor":"2",
            "public":"True"
         }
      }
      ,{
         "model":"model.Access",
         "pk":"3",
         "fields":{
            "id":"3",
            "device":"1",
            "sensor":"3",
            "public":"True"
         }
      }
      ,{
         "model":"model.Access",
         "pk":"4",
         "fields":{
            "id":"4",
            "device":"1",
            "sensor":"4",
            "public":"True"
         }
      }
      ,{
         "model":"model.Access",
         "pk":"5",
         "fields":{
            "id":"5",
            "device":"1",
            "sensor":"5",
            "public":"True"
         }
      }
      ,{
         "model":"model.Access",
         "pk":"6",
         "fields":{
            "id":"6",
            "device":"1",
            "sensor":"6",
            "public":"True"
         }
      }
      ,{
         "model":"model.Access",
         "pk":"7",
         "fields":{
            "id":"7",
            "device":"1",
            "sensor":"7",
            "public":"True"
         }
      }
      ,{
         "model":"model.Access",
         "pk":"8",
         "fields":{
            "id":"8",
            "device":"1",
            "sensor":"8",
            "public":"True"
         }
      }
      ,{
         "model":"model.Login",
         "pk":"2",
         "fields":{
            "id":"2",
            "name":"marcos",
            "lastname":"marcos",
            "nickname":"marcos",
            "password":"marcos",
            "email":"marcos@gmail.com",
            "token":"marcos"
         }
      }
      ,{
         "model":"model.Device",
         "pk":"2",
         "fields":{
            "id":"2",
            "token":"166d77ac1b46a1ec38aa35ab7e628ab5",
            "latitude":"-16.3861304",
            "longitude":"-71.5528597",
            "name":"166d77ac1b46a1ec38aa35ab7e628ab5",
            "dnsname":"device1.devices.com",
            "port":"8080",
            "city":"arequipa",
            "country":"peru",
            "state":"10100101",
            "type_network":"wireless",
            "sim_number":"0000000000000"
         }
      }
      ,{
         "model":"model.OwnerDevice",
         "pk":"2",
         "fields":{
            "id":"2",
            "device":"2",
            "owner":"2",
            "deleted":"0"
         }
      }
      ,{
         "model":"model.Access",
         "pk":"9",
         "fields":{
            "id":"9",
            "device":"2",
            "sensor":"1",
            "public":"True"
         }
      }
      ,{
         "model":"model.Access",
         "pk":"10",
         "fields":{
            "id":"10",
            "device":"2",
            "sensor":"2",
            "public":"True"
         }
      }
      ,{
         "model":"model.Access",
         "pk":"11",
         "fields":{
            "id":"11",
            "device":"2",
            "sensor":"3",
            "public":"True"
         }
      }
      ,{
         "model":"model.Access",
         "pk":"12",
         "fields":{
            "id":"12",
            "device":"2",
            "sensor":"4",
            "public":"True"
         }
      }
      ,{
         "model":"model.Access",
         "pk":"13",
         "fields":{
            "id":"13",
            "device":"2",
            "sensor":"5",
            "public":"True"
         }
      }
      ,{
         "model":"model.Access",
         "pk":"14",
         "fields":{
            "id":"14",
            "device":"2",
            "sensor":"6",
            "public":"True"
         }
      }
      ,{
         "model":"model.Access",
         "pk":"15",
         "fields":{
            "id":"15",
            "device":"2",
            "sensor":"7",
            "public":"True"
         }
      }
      ,{
         "model":"model.Access",
         "pk":"16",
         "fields":{
            "id":"16",
            "device":"2",
            "sensor":"8",
            "public":"True"
         }
      }
      ,{
         "model":"model.Scheduler",
         "pk":"1",
         "fields":{
            "id":"1",
            "device":"1",
            "name":"primero",
            "time_begin":"0:0:15",
            "time_end":"1:0:30",
            "date_begin":"2015-03-1 0:0:05",
            "date_end":"2015-04-5 0:0:05",
            "frecuency":"week",
            "rule":"1,2,3,4",
            "enabled":"True",
            "valve":"1"
         }
      }
      ,{
         "model":"model.Scheduler",
         "pk":"2",
         "fields":{
            "id":"2",
            "device":"1",
            "name":"segundo",
            "time_begin":"0:0:15",
            "time_end":"1:0:30",
            "date_begin":"2015-03-1 0:0:05",
            "date_end":"2015-04-5 0:0:05",
            "frecuency":"week",
            "rule":"1,2,3,4",
            "enabled":"True",
            "valve":"1"
         }
      }
      ,{
         "model":"model.Scheduler",
         "pk":"3",
         "fields":{
            "id":"3",
            "device":"1",
            "name":"tercero",
            "time_begin":"0:0:15",
            "time_end":"1:0:30",
            "date_begin":"2015-03-1 0:0:05",
            "date_end":"2015-04-5 0:0:05",
            "frecuency":"week",
            "rule":"1,2,3,4",
            "enabled":"True",
            "valve":"1"
         }
      }
      ,{
         "model":"model.Scheduler",
         "pk":"4",
         "fields":{
            "id":"4",
            "device":"2",
            "name":"primero",
            "time_begin":"0:0:15",
            "time_end":"1:0:30",
            "date_begin":"2015-03-1 0:0:05",
            "date_end":"2015-04-5 0:0:05",
            "frecuency":"week",
            "rule":"1,2,3,4",
            "enabled":"True",
            "valve":"1"
         }
      }
      ,{
         "model":"model.Scheduler",
         "pk":"5",
         "fields":{
            "id":"5",
            "device":"2",
            "name":"segundo",
            "time_begin":"0:0:15",
            "time_end":"1:0:30",
            "date_begin":"2015-03-1 0:0:05",
            "date_end":"2015-04-5 0:0:05",
            "frecuency":"week",
            "rule":"1,2,3,4",
            "enabled":"True",
            "valve":"1"
         }
      }
      ,{
         "model":"model.Scheduler",
         "pk":"6",
         "fields":{
            "id":"6",
            "device":"2",
            "name":"tercero",
            "time_begin":"0:0:15",
            "time_end":"1:0:30",
            "date_begin":"2015-03-1 0:0:05",
            "date_end":"2015-04-5 0:0:05",
            "frecuency":"week",
            "rule":"1,2,3,4",
            "enabled":"True",
            "valve":"1"
         }
      }
      ,{
         "model":"model.Scheduler",
         "pk":"7",
         "fields":{
            "id":"7",
            "device":"1",
            "name":"primero",
            "time_begin":"0:5:15",
            "time_end":"1:5:30",
            "date_begin":"2015-03-1 0:5:05",
            "date_end":"2015-04-5 0:5:05",
            "frecuency":"week",
            "rule":"1,2,3,4",
            "enabled":"True",
            "valve":"1"
         }
      }
      ,{
         "model":"model.Scheduler",
         "pk":"8",
         "fields":{
            "id":"8",
            "device":"1",
            "name":"segundo",
            "time_begin":"0:5:15",
            "time_end":"1:5:30",
            "date_begin":"2015-03-1 0:5:05",
            "date_end":"2015-04-5 0:5:05",
            "frecuency":"week",
            "rule":"1,2,3,4",
            "enabled":"True",
            "valve":"1"
         }
      }
      ,{
         "model":"model.Scheduler",
         "pk":"9",
         "fields":{
            "id":"9",
            "device":"1",
            "name":"tercero",
            "time_begin":"0:5:15",
            "time_end":"1:5:30",
            "date_begin":"2015-03-1 0:5:05",
            "date_end":"2015-04-5 0:5:05",
            "frecuency":"week",
            "rule":"1,2,3,4",
            "enabled":"True",
            "valve":"1"
         }
      }
      ,{
         "model":"model.Scheduler",
         "pk":"10",
         "fields":{
            "id":"10",
            "device":"2",
            "name":"primero",
            "time_begin":"0:5:15",
            "time_end":"1:5:30",
            "date_begin":"2015-03-1 0:5:05",
            "date_end":"2015-04-5 0:5:05",
            "frecuency":"week",
            "rule":"1,2,3,4",
            "enabled":"True",
            "valve":"1"
         }
      }
      ,{
         "model":"model.Scheduler",
         "pk":"11",
         "fields":{
            "id":"11",
            "device":"2",
            "name":"segundo",
            "time_begin":"0:5:15",
            "time_end":"1:5:30",
            "date_begin":"2015-03-1 0:5:05",
            "date_end":"2015-04-5 0:5:05",
            "frecuency":"week",
            "rule":"1,2,3,4",
            "enabled":"True",
            "valve":"1"
         }
      }
      ,{
         "model":"model.Scheduler",
         "pk":"12",
         "fields":{
            "id":"12",
            "device":"2",
            "name":"tercero",
            "time_begin":"0:5:15",
            "time_end":"1:5:30",
            "date_begin":"2015-03-1 0:5:05",
            "date_end":"2015-04-5 0:5:05",
            "frecuency":"week",
            "rule":"1,2,3,4",
            "enabled":"True",
            "valve":"1"
         }
      }
      ,{
         "model":"model.Scheduler",
         "pk":"13",
         "fields":{
            "id":"13",
            "device":"1",
            "name":"primero",
            "time_begin":"0:10:15",
            "time_end":"1:10:30",
            "date_begin":"2015-03-1 0:10:05",
            "date_end":"2015-04-5 0:10:05",
            "frecuency":"week",
            "rule":"1,2,3,4",
            "enabled":"True",
            "valve":"1"
         }
      }
      ,{
         "model":"model.Scheduler",
         "pk":"14",
         "fields":{
            "id":"14",
            "device":"1",
            "name":"segundo",
            "time_begin":"0:10:15",
            "time_end":"1:10:30",
            "date_begin":"2015-03-1 0:10:05",
            "date_end":"2015-04-5 0:10:05",
            "frecuency":"week",
            "rule":"1,2,3,4",
            "enabled":"True",
            "valve":"1"
         }
      }
      ,{
         "model":"model.Scheduler",
         "pk":"15",
         "fields":{
            "id":"15",
            "device":"1",
            "name":"tercero",
            "time_begin":"0:10:15",
            "time_end":"1:10:30",
            "date_begin":"2015-03-1 0:10:05",
            "date_end":"2015-04-5 0:10:05",
            "frecuency":"week",
            "rule":"1,2,3,4",
            "enabled":"True",
            "valve":"1"
         }
      }
      ,{
         "model":"model.Scheduler",
         "pk":"16",
         "fields":{
            "id":"16",
            "device":"2",
            "name":"primero",
            "time_begin":"0:10:15",
            "time_end":"1:10:30",
            "date_begin":"2015-03-1 0:10:05",
            "date_end":"2015-04-5 0:10:05",
            "frecuency":"week",
            "rule":"1,2,3,4",
            "enabled":"True",
            "valve":"1"
         }
      }
      ,{
         "model":"model.Scheduler",
         "pk":"17",
         "fields":{
            "id":"17",
            "device":"2",
            "name":"segundo",
            "time_begin":"0:10:15",
            "time_end":"1:10:30",
            "date_begin":"2015-03-1 0:10:05",
            "date_end":"2015-04-5 0:10:05",
            "frecuency":"week",
            "rule":"1,2,3,4",
            "enabled":"True",
            "valve":"1"
         }
      }
      ,{
         "model":"model.Scheduler",
         "pk":"18",
         "fields":{
            "id":"18",
            "device":"2",
            "name":"tercero",
            "time_begin":"0:10:15",
            "time_end":"1:10:30",
            "date_begin":"2015-03-1 0:10:05",
            "date_end":"2015-04-5 0:10:05",
            "frecuency":"week",
            "rule":"1,2,3,4",
            "enabled":"True",
            "valve":"1"
         }
      }
      ,{
         "model":"model.Scheduler",
         "pk":"19",
         "fields":{
            "id":"19",
            "device":"1",
            "name":"primero",
            "time_begin":"0:15:15",
            "time_end":"1:15:30",
            "date_begin":"2015-03-1 0:15:05",
            "date_end":"2015-04-5 0:15:05",
            "frecuency":"week",
            "rule":"1,2,3,4",
            "enabled":"True",
            "valve":"1"
         }
      }
      ,{
         "model":"model.Scheduler",
         "pk":"20",
         "fields":{
            "id":"20",
            "device":"1",
            "name":"segundo",
            "time_begin":"0:15:15",
            "time_end":"1:15:30",
            "date_begin":"2015-03-1 0:15:05",
            "date_end":"2015-04-5 0:15:05",
            "frecuency":"week",
            "rule":"1,2,3,4",
            "enabled":"True",
            "valve":"1"
         }
      }
      ,{
         "model":"model.Scheduler",
         "pk":"21",
         "fields":{
            "id":"21",
            "device":"1",
            "name":"tercero",
            "time_begin":"0:15:15",
            "time_end":"1:15:30",
            "date_begin":"2015-03-1 0:15:05",
            "date_end":"2015-04-5 0:15:05",
            "frecuency":"week",
            "rule":"1,2,3,4",
            "enabled":"True",
            "valve":"1"
         }
      }
      ,{
         "model":"model.Scheduler",
         "pk":"22",
         "fields":{
            "id":"22",
            "device":"2",
            "name":"primero",
            "time_begin":"0:15:15",
            "time_end":"1:15:30",
            "date_begin":"2015-03-1 0:15:05",
            "date_end":"2015-04-5 0:15:05",
            "frecuency":"week",
            "rule":"1,2,3,4",
            "enabled":"True",
            "valve":"1"
         }
      }
      ,{
         "model":"model.Scheduler",
         "pk":"23",
         "fields":{
            "id":"23",
            "device":"2",
            "name":"segundo",
            "time_begin":"0:15:15",
            "time_end":"1:15:30",
            "date_begin":"2015-03-1 0:15:05",
            "date_end":"2015-04-5 0:15:05",
            "frecuency":"week",
            "rule":"1,2,3,4",
            "enabled":"True",
            "valve":"1"
         }
      }
      ,{
         "model":"model.Scheduler",
         "pk":"24",
         "fields":{
            "id":"24",
            "device":"2",
            "name":"tercero",
            "time_begin":"0:15:15",
            "time_end":"1:15:30",
            "date_begin":"2015-03-1 0:15:05",
            "date_end":"2015-04-5 0:15:05",
            "frecuency":"week",
            "rule":"1,2,3,4",
            "enabled":"True",
            "valve":"1"
         }
      }
      ,{
         "model":"model.Scheduler",
         "pk":"25",
         "fields":{
            "id":"25",
            "device":"1",
            "name":"primero",
            "time_begin":"1:0:15",
            "time_end":"2:0:30",
            "date_begin":"2015-03-1 1:0:05",
            "date_end":"2015-04-5 1:0:05",
            "frecuency":"week",
            "rule":"1,2,3,4",
            "enabled":"True",
            "valve":"1"
         }
      }
      ,{
         "model":"model.Scheduler",
         "pk":"26",
         "fields":{
            "id":"26",
            "device":"1",
            "name":"segundo",
            "time_begin":"1:0:15",
            "time_end":"2:0:30",
            "date_begin":"2015-03-1 1:0:05",
            "date_end":"2015-04-5 1:0:05",
            "frecuency":"week",
            "rule":"1,2,3,4",
            "enabled":"True",
            "valve":"1"
         }
      }
      ,{
         "model":"model.Scheduler",
         "pk":"27",
         "fields":{
            "id":"27",
            "device":"1",
            "name":"tercero",
            "time_begin":"1:0:15",
            "time_end":"2:0:30",
            "date_begin":"2015-03-1 1:0:05",
            "date_end":"2015-04-5 1:0:05",
            "frecuency":"week",
            "rule":"1,2,3,4",
            "enabled":"True",
            "valve":"1"
         }
      }
      ,{
         "model":"model.Scheduler",
         "pk":"28",
         "fields":{
            "id":"28",
            "device":"2",
            "name":"primero",
            "time_begin":"1:0:15",
            "time_end":"2:0:30",
            "date_begin":"2015-03-1 1:0:05",
            "date_end":"2015-04-5 1:0:05",
            "frecuency":"week",
            "rule":"1,2,3,4",
            "enabled":"True",
            "valve":"1"
         }
      }
      ,{
         "model":"model.Scheduler",
         "pk":"29",
         "fields":{
            "id":"29",
            "device":"2",
            "name":"segundo",
            "time_begin":"1:0:15",
            "time_end":"2:0:30",
            "date_begin":"2015-03-1 1:0:05",
            "date_end":"2015-04-5 1:0:05",
            "frecuency":"week",
            "rule":"1,2,3,4",
            "enabled":"True",
            "valve":"1"
         }
      }
      ,{
         "model":"model.Scheduler",
         "pk":"30",
         "fields":{
            "id":"30",
            "device":"2",
            "name":"tercero",
            "time_begin":"1:0:15",
            "time_end":"2:0:30",
            "date_begin":"2015-03-1 1:0:05",
            "date_end":"2015-04-5 1:0:05",
            "frecuency":"week",
            "rule":"1,2,3,4",
            "enabled":"True",
            "valve":"1"
         }
      }
      ,{
         "model":"model.Scheduler",
         "pk":"31",
         "fields":{
            "id":"31",
            "device":"1",
            "name":"primero",
            "time_begin":"1:5:15",
            "time_end":"2:5:30",
            "date_begin":"2015-03-1 1:5:05",
            "date_end":"2015-04-5 1:5:05",
            "frecuency":"week",
            "rule":"1,2,3,4",
            "enabled":"True",
            "valve":"1"
         }
      }
      ,{
         "model":"model.Scheduler",
         "pk":"32",
         "fields":{
            "id":"32",
            "device":"1",
            "name":"segundo",
            "time_begin":"1:5:15",
            "time_end":"2:5:30",
            "date_begin":"2015-03-1 1:5:05",
            "date_end":"2015-04-5 1:5:05",
            "frecuency":"week",
            "rule":"1,2,3,4",
            "enabled":"True",
            "valve":"1"
         }
      }
      ,{
         "model":"model.Scheduler",
         "pk":"33",
         "fields":{
            "id":"33",
            "device":"1",
            "name":"tercero",
            "time_begin":"1:5:15",
            "time_end":"2:5:30",
            "date_begin":"2015-03-1 1:5:05",
            "date_end":"2015-04-5 1:5:05",
            "frecuency":"week",
            "rule":"1,2,3,4",
            "enabled":"True",
            "valve":"1"
         }
      }
      ,{
         "model":"model.Scheduler",
         "pk":"34",
         "fields":{
            "id":"34",
            "device":"2",
            "name":"primero",
            "time_begin":"1:5:15",
            "time_end":"2:5:30",
            "date_begin":"2015-03-1 1:5:05",
            "date_end":"2015-04-5 1:5:05",
            "frecuency":"week",
            "rule":"1,2,3,4",
            "enabled":"True",
            "valve":"1"
         }
      }
      ,{
         "model":"model.Scheduler",
         "pk":"35",
         "fields":{
            "id":"35",
            "device":"2",
            "name":"segundo",
            "time_begin":"1:5:15",
            "time_end":"2:5:30",
            "date_begin":"2015-03-1 1:5:05",
            "date_end":"2015-04-5 1:5:05",
            "frecuency":"week",
            "rule":"1,2,3,4",
            "enabled":"True",
            "valve":"1"
         }
      }
      ,{
         "model":"model.Scheduler",
         "pk":"36",
         "fields":{
            "id":"36",
            "device":"2",
            "name":"tercero",
            "time_begin":"1:5:15",
            "time_end":"2:5:30",
            "date_begin":"2015-03-1 1:5:05",
            "date_end":"2015-04-5 1:5:05",
            "frecuency":"week",
            "rule":"1,2,3,4",
            "enabled":"True",
            "valve":"1"
         }
      }
      ,{
         "model":"model.Scheduler",
         "pk":"37",
         "fields":{
            "id":"37",
            "device":"1",
            "name":"primero",
            "time_begin":"1:10:15",
            "time_end":"2:10:30",
            "date_begin":"2015-03-1 1:10:05",
            "date_end":"2015-04-5 1:10:05",
            "frecuency":"week",
            "rule":"1,2,3,4",
            "enabled":"True",
            "valve":"1"
         }
      }
      ,{
         "model":"model.Scheduler",
         "pk":"38",
         "fields":{
            "id":"38",
            "device":"1",
            "name":"segundo",
            "time_begin":"1:10:15",
            "time_end":"2:10:30",
            "date_begin":"2015-03-1 1:10:05",
            "date_end":"2015-04-5 1:10:05",
            "frecuency":"week",
            "rule":"1,2,3,4",
            "enabled":"True",
            "valve":"1"
         }
      }
      ,{
         "model":"model.Scheduler",
         "pk":"39",
         "fields":{
            "id":"39",
            "device":"1",
            "name":"tercero",
            "time_begin":"1:10:15",
            "time_end":"2:10:30",
            "date_begin":"2015-03-1 1:10:05",
            "date_end":"2015-04-5 1:10:05",
            "frecuency":"week",
            "rule":"1,2,3,4",
            "enabled":"True",
            "valve":"1"
         }
      }
      ,{
         "model":"model.Scheduler",
         "pk":"40",
         "fields":{
            "id":"40",
            "device":"2",
            "name":"primero",
            "time_begin":"1:10:15",
            "time_end":"2:10:30",
            "date_begin":"2015-03-1 1:10:05",
            "date_end":"2015-04-5 1:10:05",
            "frecuency":"week",
            "rule":"1,2,3,4",
            "enabled":"True",
            "valve":"1"
         }
      }
      ,{
         "model":"model.Scheduler",
         "pk":"41",
         "fields":{
            "id":"41",
            "device":"2",
            "name":"segundo",
            "time_begin":"1:10:15",
            "time_end":"2:10:30",
            "date_begin":"2015-03-1 1:10:05",
            "date_end":"2015-04-5 1:10:05",
            "frecuency":"week",
            "rule":"1,2,3,4",
            "enabled":"True",
            "valve":"1"
         }
      }
      ,{
         "model":"model.Scheduler",
         "pk":"42",
         "fields":{
            "id":"42",
            "device":"2",
            "name":"tercero",
            "time_begin":"1:10:15",
            "time_end":"2:10:30",
            "date_begin":"2015-03-1 1:10:05",
            "date_end":"2015-04-5 1:10:05",
            "frecuency":"week",
            "rule":"1,2,3,4",
            "enabled":"True",
            "valve":"1"
         }
      }
      ,{
         "model":"model.Scheduler",
         "pk":"43",
         "fields":{
            "id":"43",
            "device":"1",
            "name":"primero",
            "time_begin":"1:15:15",
            "time_end":"2:15:30",
            "date_begin":"2015-03-1 1:15:05",
            "date_end":"2015-04-5 1:15:05",
            "frecuency":"week",
            "rule":"1,2,3,4",
            "enabled":"True",
            "valve":"1"
         }
      }
      ,{
         "model":"model.Scheduler",
         "pk":"44",
         "fields":{
            "id":"44",
            "device":"1",
            "name":"segundo",
            "time_begin":"1:15:15",
            "time_end":"2:15:30",
            "date_begin":"2015-03-1 1:15:05",
            "date_end":"2015-04-5 1:15:05",
            "frecuency":"week",
            "rule":"1,2,3,4",
            "enabled":"True",
            "valve":"1"
         }
      }
      ,{
         "model":"model.Scheduler",
         "pk":"45",
         "fields":{
            "id":"45",
            "device":"1",
            "name":"tercero",
            "time_begin":"1:15:15",
            "time_end":"2:15:30",
            "date_begin":"2015-03-1 1:15:05",
            "date_end":"2015-04-5 1:15:05",
            "frecuency":"week",
            "rule":"1,2,3,4",
            "enabled":"True",
            "valve":"1"
         }
      }
      ,{
         "model":"model.Scheduler",
         "pk":"46",
         "fields":{
            "id":"46",
            "device":"2",
            "name":"primero",
            "time_begin":"1:15:15",
            "time_end":"2:15:30",
            "date_begin":"2015-03-1 1:15:05",
            "date_end":"2015-04-5 1:15:05",
            "frecuency":"week",
            "rule":"1,2,3,4",
            "enabled":"True",
            "valve":"1"
         }
      }
      ,{
         "model":"model.Scheduler",
         "pk":"47",
         "fields":{
            "id":"47",
            "device":"2",
            "name":"segundo",
            "time_begin":"1:15:15",
            "time_end":"2:15:30",
            "date_begin":"2015-03-1 1:15:05",
            "date_end":"2015-04-5 1:15:05",
            "frecuency":"week",
            "rule":"1,2,3,4",
            "enabled":"True",
            "valve":"1"
         }
      }
      ,{
         "model":"model.Scheduler",
         "pk":"48",
         "fields":{
            "id":"48",
            "device":"2",
            "name":"tercero",
            "time_begin":"1:15:15",
            "time_end":"2:15:30",
            "date_begin":"2015-03-1 1:15:05",
            "date_end":"2015-04-5 1:15:05",
            "frecuency":"week",
            "rule":"1,2,3,4",
            "enabled":"True",
            "valve":"1"
         }
      }
]
